PB_5670_ZONE_1	https://plot.ly/~tboudreaux/380
PB_5670_ZONE_2	https://plot.ly/~tboudreaux/382
PB_5670_ZONE_3	https://plot.ly/~tboudreaux/384
PB_5670_ZONE_4	https://plot.ly/~tboudreaux/386
PB_5670_ZONE_5	https://plot.ly/~tboudreaux/388
SDSSJ_000111.65+000342.6_ZONE_1	https://plot.ly/~tboudreaux/390
SDSSJ_000111.65+000342.6_ZONE_2	https://plot.ly/~tboudreaux/392
SDSSJ_000111.65+000342.6_ZONE_3	https://plot.ly/~tboudreaux/394
SDSSJ_000111.65+000342.6_ZONE_4	https://plot.ly/~tboudreaux/396
SDSSJ_000307.06+241211.6_ZONE_1	https://plot.ly/~tboudreaux/398
SDSSJ_000307.06+241211.6_ZONE_2	https://plot.ly/~tboudreaux/400
SDSSJ_000307.06+241211.6_ZONE_3	https://plot.ly/~tboudreaux/402
SDSSJ_000307.06+241211.6_ZONE_4	https://plot.ly/~tboudreaux/404
SDSSJ_000307.06+241211.6_ZONE_5	https://plot.ly/~tboudreaux/406
SDSSJ_000307.06+241211.6_ZONE_6	https://plot.ly/~tboudreaux/408
SDSSJ_000307.06+241211.6_ZONE_7	https://plot.ly/~tboudreaux/410
SDSSJ910_000426.61-003826.2_ZONE_1	https://plot.ly/~tboudreaux/412
SDSSJ910_000426.61-003826.2_ZONE_2	https://plot.ly/~tboudreaux/414
SDSSJ910_000426.61-003826.2_ZONE_3	https://plot.ly/~tboudreaux/416
SDSSJ910_000426.61-003826.2_ZONE_4	https://plot.ly/~tboudreaux/418
SDSSJ910_000426.61-003826.2_ZONE_5	https://plot.ly/~tboudreaux/420
MCT_0003-3509_ZONE_1	https://plot.ly/~tboudreaux/422
MCT_0003-3509_ZONE_2	https://plot.ly/~tboudreaux/424
MCT_0003-3509_ZONE_3	https://plot.ly/~tboudreaux/426
MCT_0003-3509_ZONE_4	https://plot.ly/~tboudreaux/428
MCT_0003-3509_ZONE_5	https://plot.ly/~tboudreaux/430
SDSSJ_000607.88-010320.8_ZONE_1	https://plot.ly/~tboudreaux/432
SDSSJ_000607.88-010320.8_ZONE_2	https://plot.ly/~tboudreaux/434
SDSSJ_000607.88-010320.8_ZONE_3	https://plot.ly/~tboudreaux/436
LBQS_0003+0053_ZONE_1	https://plot.ly/~tboudreaux/438
LBQS_0003+0053_ZONE_2	https://plot.ly/~tboudreaux/440
LBQS_0003+0053_ZONE_3	https://plot.ly/~tboudreaux/442
LBQS_0003+0053_ZONE_4	https://plot.ly/~tboudreaux/444
LBQS_0003+0053_ZONE_5	https://plot.ly/~tboudreaux/446
LBQS_0003+0053_ZONE_6	https://plot.ly/~tboudreaux/448
LBQS_0003+0053_ZONE_7	https://plot.ly/~tboudreaux/450
LBQS_0003+0053_ZONE_8	https://plot.ly/~tboudreaux/452
LBQS_0003+0053_ZONE_9	https://plot.ly/~tboudreaux/454
SDSSJ_000645.56+250738.5_ZONE_1	https://plot.ly/~tboudreaux/456
SDSSJ_000645.56+250738.5_ZONE_2	https://plot.ly/~tboudreaux/458
SDSSJ_000645.56+250738.5_ZONE_3	https://plot.ly/~tboudreaux/460
SDSSJ_000645.56+250738.5_ZONE_4	https://plot.ly/~tboudreaux/462
SDSSJ_000645.56+250738.5_ZONE_5	https://plot.ly/~tboudreaux/464
SDSSJ_000645.56+250738.5_ZONE_6	https://plot.ly/~tboudreaux/466
SDSSJ_000645.56+250738.5_ZONE_7	https://plot.ly/~tboudreaux/468
SDSSJ_000645.56+250738.5_ZONE_8	https://plot.ly/~tboudreaux/470
SDSSJ_000645.56+250738.5_ZONE_9	https://plot.ly/~tboudreaux/472
SDSSJ_000645.56+250738.5_ZONE_10	https://plot.ly/~tboudreaux/474
SDSSJ_000645.56+250738.5_ZONE_11	https://plot.ly/~tboudreaux/476
SDSSJ_000645.56+250738.5_ZONE_12	https://plot.ly/~tboudreaux/478
SDSSJ_000645.56+250738.5_ZONE_13	https://plot.ly/~tboudreaux/480
MCT_0004-2737_ZONE_1	https://plot.ly/~tboudreaux/482
MCT_0004-2737_ZONE_2	https://plot.ly/~tboudreaux/484
PG_0004+133_ZONE_1	https://plot.ly/~tboudreaux/486
PG_0004+133_ZONE_2	https://plot.ly/~tboudreaux/488
PG_0004+133_ZONE_3	https://plot.ly/~tboudreaux/490
PG_0004+133_ZONE_4	https://plot.ly/~tboudreaux/492
PB_5749_ZONE_1	https://plot.ly/~tboudreaux/494
PB_5749_ZONE_2	https://plot.ly/~tboudreaux/496
PB_5749_ZONE_3	https://plot.ly/~tboudreaux/498
PB_5749_ZONE_4	https://plot.ly/~tboudreaux/500
PB_5749_ZONE_5	https://plot.ly/~tboudreaux/502
PB_5749_ZONE_6	https://plot.ly/~tboudreaux/504
PB_5749_ZONE_7	https://plot.ly/~tboudreaux/506
PB_5749_ZONE_8	https://plot.ly/~tboudreaux/508
PB_5749_ZONE_9	https://plot.ly/~tboudreaux/510
PB_5749_ZONE_10	https://plot.ly/~tboudreaux/512
PB_5749_ZONE_11	https://plot.ly/~tboudreaux/514
MCT_0013-3645_ZONE_1	https://plot.ly/~tboudreaux/516
MCT_0013-3645_ZONE_2	https://plot.ly/~tboudreaux/518
MCT_0013-3645_ZONE_3	https://plot.ly/~tboudreaux/520
MCT_0013-3645_ZONE_4	https://plot.ly/~tboudreaux/522
MCT_0013-3645_ZONE_5	https://plot.ly/~tboudreaux/524
MCT_0013-3645_ZONE_6	https://plot.ly/~tboudreaux/526
MCT_0013-3645_ZONE_7	https://plot.ly/~tboudreaux/528
MCT_0013-3645_ZONE_8	https://plot.ly/~tboudreaux/530
PB_5844_ZONE_1	https://plot.ly/~tboudreaux/532
PB_5844_ZONE_2	https://plot.ly/~tboudreaux/534
PB_5844_ZONE_3	https://plot.ly/~tboudreaux/536
PB_5844_ZONE_4	https://plot.ly/~tboudreaux/538
PG_0016+151_ZONE_1	https://plot.ly/~tboudreaux/540
HS_0016+0044_ZONE_1	https://plot.ly/~tboudreaux/542
HS_0016+0044_ZONE_2	https://plot.ly/~tboudreaux/544
HS_0016+0044_ZONE_3	https://plot.ly/~tboudreaux/546
HS_0016+0044_ZONE_4	https://plot.ly/~tboudreaux/548
SDSSJ_001844.33-093855.0_ZONE_1	https://plot.ly/~tboudreaux/550
SDSSJ_001844.33-093855.0_ZONE_2	https://plot.ly/~tboudreaux/552
SDSSJ_001844.33-093855.0_ZONE_3	https://plot.ly/~tboudreaux/554
SDSSJ_001844.33-093855.0_ZONE_4	https://plot.ly/~tboudreaux/556
SDSSJ_001844.33-093855.0_ZONE_5	https://plot.ly/~tboudreaux/558
MCT_0018-3653_ZONE_1	https://plot.ly/~tboudreaux/560
MCT_0018-3653_ZONE_2	https://plot.ly/~tboudreaux/562
MCT_0018-3653_ZONE_3	https://plot.ly/~tboudreaux/564
MCT_0018-3653_ZONE_4	https://plot.ly/~tboudreaux/566
MCT_0018-3653_ZONE_5	https://plot.ly/~tboudreaux/568
MCT_0018-3653_ZONE_6	https://plot.ly/~tboudreaux/570
MCT_0018-3653_ZONE_7	https://plot.ly/~tboudreaux/572
MCT_0019-2441_ZONE_1	https://plot.ly/~tboudreaux/574
MCT_0019-2441_ZONE_2	https://plot.ly/~tboudreaux/576
SDSSJ_002323.99-002953.3_ZONE_1	https://plot.ly/~tboudreaux/578
SDSSJ_002323.99-002953.3_ZONE_2	https://plot.ly/~tboudreaux/580
SDSSJ_002323.99-002953.3_ZONE_3	https://plot.ly/~tboudreaux/582
SDSSJ_002323.99-002953.3_ZONE_4	https://plot.ly/~tboudreaux/584
SDSSJ_002323.99-002953.3_ZONE_5	https://plot.ly/~tboudreaux/586
SDSSJ_002323.99-002953.3_ZONE_6	https://plot.ly/~tboudreaux/588
SDSSJ_002323.99-002953.3_ZONE_7	https://plot.ly/~tboudreaux/590
SDSSJ_002323.99-002953.3_ZONE_8	https://plot.ly/~tboudreaux/592
SDSSJ_002323.99-002953.3_ZONE_9	https://plot.ly/~tboudreaux/594
SDSSJ_002323.99-002953.3_ZONE_10	https://plot.ly/~tboudreaux/596
SDSSJ_002323.99-002953.3_ZONE_11	https://plot.ly/~tboudreaux/598
SDSSJ_002323.99-002953.3_ZONE_12	https://plot.ly/~tboudreaux/600
SDSSJ_002323.99-002953.3_ZONE_13	https://plot.ly/~tboudreaux/602
SDSSJ_002323.99-002953.3_ZONE_14	https://plot.ly/~tboudreaux/604
SDSSJ_002323.99-002953.3_ZONE_15	https://plot.ly/~tboudreaux/606
SDSSJ_002323.99-002953.3_ZONE_16	https://plot.ly/~tboudreaux/608
SDSSJ_002323.99-002953.3_ZONE_17	https://plot.ly/~tboudreaux/610
SDSSJ_002323.99-002953.3_ZONE_18	https://plot.ly/~tboudreaux/612
SDSSJ_002323.99-002953.3_ZONE_19	https://plot.ly/~tboudreaux/614
SDSSJ_002323.99-002953.3_ZONE_20	https://plot.ly/~tboudreaux/616
SDSSJ_002323.99-002953.3_ZONE_21	https://plot.ly/~tboudreaux/618
SDSSJ_002323.99-002953.3_ZONE_22	https://plot.ly/~tboudreaux/620
SDSSJ_002323.99-002953.3_ZONE_23	https://plot.ly/~tboudreaux/622
SDSSJ_002323.99-002953.3_ZONE_24	https://plot.ly/~tboudreaux/624
FBS_0021+418_ZONE_1	https://plot.ly/~tboudreaux/626
FBS_0021+418_ZONE_2	https://plot.ly/~tboudreaux/628
LBQS_0024-0042_ZONE_1	https://plot.ly/~tboudreaux/630
LBQS_0024-0042_ZONE_2	https://plot.ly/~tboudreaux/632
LBQS_0024-0042_ZONE_3	https://plot.ly/~tboudreaux/634
LBQS_0024-0042_ZONE_4	https://plot.ly/~tboudreaux/636
LBQS_0024-0042_ZONE_5	https://plot.ly/~tboudreaux/638
LBQS_0024-0042_ZONE_6	https://plot.ly/~tboudreaux/640
BPS_CS30339-49_ZONE_1	https://plot.ly/~tboudreaux/642
BPS_CS30339-49_ZONE_2	https://plot.ly/~tboudreaux/644
BPS_CS30339-49_ZONE_3	https://plot.ly/~tboudreaux/646
BPS_CS30339-49_ZONE_4	https://plot.ly/~tboudreaux/648
BPS_CS30339-49_ZONE_5	https://plot.ly/~tboudreaux/650
BPS_CS30339-49_ZONE_6	https://plot.ly/~tboudreaux/652
BPS_CS30339-49_ZONE_7	https://plot.ly/~tboudreaux/654
PG_0024+133_ZONE_1	https://plot.ly/~tboudreaux/656
PG_0024+133_ZONE_2	https://plot.ly/~tboudreaux/658
PG_0024+133_ZONE_3	https://plot.ly/~tboudreaux/660
PG_0024+133_ZONE_4	https://plot.ly/~tboudreaux/662
MCT_0025-3842_ZONE_1	https://plot.ly/~tboudreaux/664
MCT_0025-3842_ZONE_2	https://plot.ly/~tboudreaux/666
MCT_0025-3842_ZONE_3	https://plot.ly/~tboudreaux/668
MCT_0025-3842_ZONE_4	https://plot.ly/~tboudreaux/670
LBQS_0025-0210_ZONE_1	https://plot.ly/~tboudreaux/672
LBQS_0025-0210_ZONE_2	https://plot.ly/~tboudreaux/674
LBQS_0025-0210_ZONE_3	https://plot.ly/~tboudreaux/676
SDSSJ_002852.25+135446.5_ZONE_1	https://plot.ly/~tboudreaux/678
SDSSJ_002852.25+135446.5_ZONE_2	https://plot.ly/~tboudreaux/680
SDSSJ_002852.25+135446.5_ZONE_3	https://plot.ly/~tboudreaux/682
SDSSJ_002852.25+135446.5_ZONE_4	https://plot.ly/~tboudreaux/684
PG_0026+047_ZONE_1	https://plot.ly/~tboudreaux/686
PG_0026+047_ZONE_2	https://plot.ly/~tboudreaux/688
PG_0026+047_ZONE_3	https://plot.ly/~tboudreaux/690
PG_0026+047_ZONE_4	https://plot.ly/~tboudreaux/692
PG_0026+047_ZONE_5	https://plot.ly/~tboudreaux/694
PG_0026+047_ZONE_6	https://plot.ly/~tboudreaux/696
LBQS_0026-0043_ZONE_1	https://plot.ly/~tboudreaux/698
LBQS_0026-0043_ZONE_2	https://plot.ly/~tboudreaux/700
LBQS_0026-0043_ZONE_3	https://plot.ly/~tboudreaux/702
LBQS_0026-0043_ZONE_4	https://plot.ly/~tboudreaux/704
LBQS_0026-0043_ZONE_5	https://plot.ly/~tboudreaux/706
SDSSJ_003036.48+152455.9_ZONE_1	https://plot.ly/~tboudreaux/708
SDSSJ_003036.48+152455.9_ZONE_2	https://plot.ly/~tboudreaux/710
PB_6025_ZONE_1	https://plot.ly/~tboudreaux/712
PB_6025_ZONE_2	https://plot.ly/~tboudreaux/714
PB_6025_ZONE_3	https://plot.ly/~tboudreaux/716
PB_6025_ZONE_4	https://plot.ly/~tboudreaux/718
PB_6025_ZONE_5	https://plot.ly/~tboudreaux/720
SDSSJ_003334.43+082934.8_ZONE_1	https://plot.ly/~tboudreaux/722
SDSSJ_003334.43+082934.8_ZONE_2	https://plot.ly/~tboudreaux/724
SDSSJ_003334.43+082934.8_ZONE_3	https://plot.ly/~tboudreaux/726
SDSSJ_003334.43+082934.8_ZONE_4	https://plot.ly/~tboudreaux/728
MCT_0031-2724_ZONE_1	https://plot.ly/~tboudreaux/730
MCT_0031-2724_ZONE_2	https://plot.ly/~tboudreaux/732
MCT_0031-2724_ZONE_3	https://plot.ly/~tboudreaux/734
MCT_0031-2724_ZONE_4	https://plot.ly/~tboudreaux/736
MCT_0031-2724_ZONE_5	https://plot.ly/~tboudreaux/738
MCT_0031-2724_ZONE_6	https://plot.ly/~tboudreaux/740
MCT_0031-2724_ZONE_7	https://plot.ly/~tboudreaux/742
MCT_0031-2724_ZONE_8	https://plot.ly/~tboudreaux/744
MCT_0031-2724_ZONE_9	https://plot.ly/~tboudreaux/746
SDSSJ_003641.60+242205.0_ZONE_1	https://plot.ly/~tboudreaux/748
SDSSJ_003641.60+242205.0_ZONE_2	https://plot.ly/~tboudreaux/750
SDSSJ_003641.60+242205.0_ZONE_3	https://plot.ly/~tboudreaux/752
SDSSJ_003641.60+242205.0_ZONE_4	https://plot.ly/~tboudreaux/754
SDSSJ_003650.41+082619.4_ZONE_1	https://plot.ly/~tboudreaux/756
SDSSJ_003650.41+082619.4_ZONE_2	https://plot.ly/~tboudreaux/758
SDSSJ_003658.85-104931.2_ZONE_1	https://plot.ly/~tboudreaux/760
SDSSJ_003658.85-104931.2_ZONE_2	https://plot.ly/~tboudreaux/762
SDSSJ_003658.85-104931.2_ZONE_3	https://plot.ly/~tboudreaux/764
SDSSJ_003837.24+074400.8_ZONE_1	https://plot.ly/~tboudreaux/766
SDSSJ_003837.24+074400.8_ZONE_2	https://plot.ly/~tboudreaux/768
SDSSJ_003908.90+235726.1_ZONE_1	https://plot.ly/~tboudreaux/770
SDSSJ_003908.90+235726.1_ZONE_2	https://plot.ly/~tboudreaux/772
SDSSJ_003908.90+235726.1_ZONE_3	https://plot.ly/~tboudreaux/774
SDSSJ_003908.90+235726.1_ZONE_4	https://plot.ly/~tboudreaux/776
SDSSJ_003908.90+235726.1_ZONE_5	https://plot.ly/~tboudreaux/778
SDSSJ_003908.90+235726.1_ZONE_6	https://plot.ly/~tboudreaux/780
PG_0038+199_ZONE_1	https://plot.ly/~tboudreaux/782
PG_0038+199_ZONE_2	https://plot.ly/~tboudreaux/784
PG_0038+199_ZONE_3	https://plot.ly/~tboudreaux/786
PG_0038+199_ZONE_4	https://plot.ly/~tboudreaux/788
PG_0038+199_ZONE_5	https://plot.ly/~tboudreaux/790
PG_0038+199_ZONE_6	https://plot.ly/~tboudreaux/792
PG_0038+199_ZONE_7	https://plot.ly/~tboudreaux/794
PG_0038+199_ZONE_8	https://plot.ly/~tboudreaux/796
PG_0038+199_ZONE_9	https://plot.ly/~tboudreaux/798
PG_0038+199_ZONE_10	https://plot.ly/~tboudreaux/800
PG_0038+199_ZONE_11	https://plot.ly/~tboudreaux/802
PG_0038+199_ZONE_12	https://plot.ly/~tboudreaux/804
PG_0038+199_ZONE_13	https://plot.ly/~tboudreaux/806
PG_0038+199_ZONE_14	https://plot.ly/~tboudreaux/808
PG_0038+199_ZONE_15	https://plot.ly/~tboudreaux/810
PG_0039+049_ZONE_1	https://plot.ly/~tboudreaux/812
PG_0039+049_ZONE_2	https://plot.ly/~tboudreaux/814
PG_0039+049_ZONE_3	https://plot.ly/~tboudreaux/816
PG_0039+049_ZONE_4	https://plot.ly/~tboudreaux/818
PG_0039+049_ZONE_5	https://plot.ly/~tboudreaux/820
PG_0039+134_ZONE_1	https://plot.ly/~tboudreaux/822
PG_0039+134_ZONE_2	https://plot.ly/~tboudreaux/824
SDSSJ_004233.42+004717.6_ZONE_1	https://plot.ly/~tboudreaux/826
SDSSJ_004233.42+004717.6_ZONE_2	https://plot.ly/~tboudreaux/828
SDSSJ_004233.42+004717.6_ZONE_3	https://plot.ly/~tboudreaux/830
SDSSJ_004233.42+004717.6_ZONE_4	https://plot.ly/~tboudreaux/832
SDSSJ_004233.42+004717.6_ZONE_5	https://plot.ly/~tboudreaux/834
SDSSJ_004233.42+004717.6_ZONE_6	https://plot.ly/~tboudreaux/836
SDSSJ_004233.42+004717.6_ZONE_7	https://plot.ly/~tboudreaux/838
SDSSJ_004233.42+004717.6_ZONE_8	https://plot.ly/~tboudreaux/840
HS_0039+4302_ZONE_1	https://plot.ly/~tboudreaux/842
HS_0039+4302_ZONE_2	https://plot.ly/~tboudreaux/844
HS_0039+4302_ZONE_3	https://plot.ly/~tboudreaux/846
HS_0039+4302_ZONE_4	https://plot.ly/~tboudreaux/848
GALEX_J00428-4413_ZONE_1	https://plot.ly/~tboudreaux/850
HS_0040+4417_ZONE_1	https://plot.ly/~tboudreaux/852
HS_0040+4417_ZONE_2	https://plot.ly/~tboudreaux/854
HS_0040+4417_ZONE_3	https://plot.ly/~tboudreaux/856
HS_0040+4417_ZONE_4	https://plot.ly/~tboudreaux/858
SDSSJ_004840.88-011547.4_ZONE_1	https://plot.ly/~tboudreaux/860
SDSSJ_004840.88-011547.4_ZONE_2	https://plot.ly/~tboudreaux/862
SDSSJ_004840.88-011547.4_ZONE_3	https://plot.ly/~tboudreaux/864
SDSSJ_004840.88-011547.4_ZONE_4	https://plot.ly/~tboudreaux/866
SDSSJ_004840.88-011547.4_ZONE_5	https://plot.ly/~tboudreaux/868
SDSSJ_004840.88-011547.4_ZONE_6	https://plot.ly/~tboudreaux/870
SDSSJ_004840.88-011547.4_ZONE_7	https://plot.ly/~tboudreaux/872
SDSSJ_004840.88-011547.4_ZONE_8	https://plot.ly/~tboudreaux/874
SDSSJ_004840.88-011547.4_ZONE_9	https://plot.ly/~tboudreaux/876
SDSSJ_004840.88-011547.4_ZONE_10	https://plot.ly/~tboudreaux/878
FBS_B4_ZONE_1	https://plot.ly/~tboudreaux/880
SDSSJ_005004.00+150205.7_ZONE_1	https://plot.ly/~tboudreaux/882
SDSSJ_005004.00+150205.7_ZONE_2	https://plot.ly/~tboudreaux/884
SDSSJ_005004.00+150205.7_ZONE_3	https://plot.ly/~tboudreaux/886
SDSSJ_005004.00+150205.7_ZONE_4	https://plot.ly/~tboudreaux/888
GALEX_J00506-0925_ZONE_1	https://plot.ly/~tboudreaux/890
GALEX_J00506-0925_ZONE_2	https://plot.ly/~tboudreaux/892
FBS_0048+432A_ZONE_1	https://plot.ly/~tboudreaux/894
FBS_0048+432B_ZONE_1	https://plot.ly/~tboudreaux/896
KUV_00486-2016_ZONE_1	https://plot.ly/~tboudreaux/898
KUV_00486-2016_ZONE_2	https://plot.ly/~tboudreaux/900
PG_0048+004_ZONE_1	https://plot.ly/~tboudreaux/902
PG_0048+004_ZONE_2	https://plot.ly/~tboudreaux/904
PG_0048+004_ZONE_3	https://plot.ly/~tboudreaux/906
PG_0048+004_ZONE_4	https://plot.ly/~tboudreaux/908
PG_0048+004_ZONE_5	https://plot.ly/~tboudreaux/910
MCT_0049-3059_ZONE_1	https://plot.ly/~tboudreaux/912
MCT_0049-3059_ZONE_2	https://plot.ly/~tboudreaux/914
BD_-11162_ZONE_1	https://plot.ly/~tboudreaux/916
BD_-11162_ZONE_2	https://plot.ly/~tboudreaux/918
BD_-11162_ZONE_3	https://plot.ly/~tboudreaux/920
BD_-11162_ZONE_4	https://plot.ly/~tboudreaux/922
BD_-11162_ZONE_5	https://plot.ly/~tboudreaux/924
BD_-11162_ZONE_6	https://plot.ly/~tboudreaux/926
LBQS_0052-0105_ZONE_1	https://plot.ly/~tboudreaux/928
LBQS_0052-0105_ZONE_2	https://plot.ly/~tboudreaux/930
LBQS_0052-0105_ZONE_3	https://plot.ly/~tboudreaux/932
PG_0055+016_ZONE_1	https://plot.ly/~tboudreaux/934
PG_0055+016_ZONE_2	https://plot.ly/~tboudreaux/936
PG_0055+016_ZONE_3	https://plot.ly/~tboudreaux/938
SDSSJ_005951.16-001619.7_ZONE_1	https://plot.ly/~tboudreaux/940
SDSSJ_005951.16-001619.7_ZONE_2	https://plot.ly/~tboudreaux/942
SDSSJ_005951.16-001619.7_ZONE_3	https://plot.ly/~tboudreaux/944
SDSSJ_005951.16-001619.7_ZONE_4	https://plot.ly/~tboudreaux/946
MCT_0057-3134_ZONE_1	https://plot.ly/~tboudreaux/948
MCT_0057-3134_ZONE_2	https://plot.ly/~tboudreaux/950
PG_0057+155_ZONE_1	https://plot.ly/~tboudreaux/952
PG_0057+155_ZONE_2	https://plot.ly/~tboudreaux/954
PG_0057+155_ZONE_3	https://plot.ly/~tboudreaux/956
TON_S183_ZONE_1	https://plot.ly/~tboudreaux/958
TON_S183_ZONE_2	https://plot.ly/~tboudreaux/960
SDSSJ_010251.88+000435.8_ZONE_1	https://plot.ly/~tboudreaux/962
SDSSJ_010251.88+000435.8_ZONE_2	https://plot.ly/~tboudreaux/964
SDSSJ_010335.07+011553.4_ZONE_1	https://plot.ly/~tboudreaux/966
PG_0101+039_ZONE_1	https://plot.ly/~tboudreaux/968
PG_0101+039_ZONE_2	https://plot.ly/~tboudreaux/970
PG_0101+039_ZONE_3	https://plot.ly/~tboudreaux/972
PG_0101+039_ZONE_4	https://plot.ly/~tboudreaux/974
FB_14_ZONE_1	https://plot.ly/~tboudreaux/976
FBS_0104+367_ZONE_1	https://plot.ly/~tboudreaux/978
SDSSJ_011506.17+140513.5_ZONE_1	https://plot.ly/~tboudreaux/980
GALEX_J01164+0603_ZONE_1	https://plot.ly/~tboudreaux/982
GALEX_J01164+0603_ZONE_2	https://plot.ly/~tboudreaux/984
SDSSJ_011857.19-002546.5_ZONE_1	https://plot.ly/~tboudreaux/986
SDSSJ_012517.48-090113.2_ZONE_1	https://plot.ly/~tboudreaux/988
SDSSJ_012517.48-090113.2_ZONE_2	https://plot.ly/~tboudreaux/990
MCT_0123-2808_ZONE_1	https://plot.ly/~tboudreaux/992
MCT_0123-2808_ZONE_2	https://plot.ly/~tboudreaux/994
MCT_0123-2808_ZONE_3	https://plot.ly/~tboudreaux/996
MCT_0123-2808_ZONE_4	https://plot.ly/~tboudreaux/998
MCT_0123-2808_ZONE_5	https://plot.ly/~tboudreaux/1000
FBS_0123+332_ZONE_1	https://plot.ly/~tboudreaux/1002
HS_0127+3146_ZONE_1	https://plot.ly/~tboudreaux/1004
HS_0127+3146_ZONE_2	https://plot.ly/~tboudreaux/1006
HS_0127+3146_ZONE_3	https://plot.ly/~tboudreaux/1008
HS_0127+3146_ZONE_4	https://plot.ly/~tboudreaux/1010
SDSSJ_013021.51+070342.8_ZONE_1	https://plot.ly/~tboudreaux/1012
SDSSJ_013021.51+070342.8_ZONE_2	https://plot.ly/~tboudreaux/1014
PG_0132+151_ZONE_1	https://plot.ly/~tboudreaux/1016
PG_0132+151_ZONE_2	https://plot.ly/~tboudreaux/1018
PG_0132+151_ZONE_3	https://plot.ly/~tboudreaux/1020
PG_0132+151_ZONE_4	https://plot.ly/~tboudreaux/1022
PG_0132+151_ZONE_5	https://plot.ly/~tboudreaux/1024
SDSSJ_013731.66+230015.2_ZONE_1	https://plot.ly/~tboudreaux/1026
SDSSJ_013731.66+230015.2_ZONE_2	https://plot.ly/~tboudreaux/1028
PG_0135+242_ZONE_1	https://plot.ly/~tboudreaux/1030
PG_0135+242_ZONE_2	https://plot.ly/~tboudreaux/1032
PG_0135+242_ZONE_3	https://plot.ly/~tboudreaux/1034
MCT_0140-3555_ZONE_1	https://plot.ly/~tboudreaux/1036
FBS_0140+360_ZONE_1	https://plot.ly/~tboudreaux/1038
FBS_0140+360_ZONE_2	https://plot.ly/~tboudreaux/1040
SDSSJ_014531.86+010629.7_ZONE_1	https://plot.ly/~tboudreaux/1042
SDSSJ_014531.86+010629.7_ZONE_2	https://plot.ly/~tboudreaux/1044
SDSSJ_014531.86+010629.7_ZONE_3	https://plot.ly/~tboudreaux/1046
SDSSJ_014531.86+010629.7_ZONE_4	https://plot.ly/~tboudreaux/1048
SDSSJ_014531.86+010629.7_ZONE_5	https://plot.ly/~tboudreaux/1050
PG_0142+148_ZONE_1	https://plot.ly/~tboudreaux/1052
